<ExtensionImage xmlns="http://schemas.microsoft.com/windowsazure">
<ProviderNameSpace>Microsoft.Azure.Backup.Test</ProviderNameSpace>
<Type>MyBackupTestLinuxInt</Type>
<Version>1.0.9173.0</Version>
<Label>Windows Azure VMBackup Extension for Linux IaaS</Label>
<HostingResources>VmRole</HostingResources>
<MediaLink></MediaLink>
<Description>Windows Azure VMBackup Extension for Linux IaaS</Description>
<IsInternalExtension>true</IsInternalExtension>
<Eula>https://github.com/Azure/azure-linux-extensions/blob/1.0/LICENSE-2_0.txt</Eula>
<PrivacyUri>https://github.com/Azure/azure-linux-extensions/blob/1.0/LICENSE-2_0.txt</PrivacyUri>
<HomepageUri>https://github.com/Azure/azure-linux-extensions</HomepageUri>
<IsJsonExtension>true</IsJsonExtension>
<SupportedOS>Linux</SupportedOS>
<CompanyName>Microsoft Open Source Technology Center</CompanyName>
<!--%REGIONS%-->
</ExtensionImage>
